,GK,EK,FK,RoI,FKZS,FKZ,Gewinn,RoE
0,100,1,99,5,2.5,2.475,2.525,252.5
1,100,10,90,5,2.5,2.25,2.75,27.500000000000004
2,100,20,80,5,2.5,2.0,3.0,15.0
3,100,30,70,5,2.5,1.75,3.25,10.833333333333334
4,100,40,60,5,2.5,1.5,3.5,8.75
5,100,50,50,5,2.5,1.25,3.75,7.5
6,100,60,40,5,2.5,1.0,4.0,6.666666666666667
7,100,70,30,5,2.5,0.75,4.25,6.071428571428571
8,100,80,20,5,2.5,0.5,4.5,5.625
9,100,90,10,5,2.5,0.25,4.75,5.277777777777778
10,100,99,1,5,2.5,0.025,4.975,5.025252525252525
